TRACTCE,City,tract_name
026809,Brooklyn Park,Brooklyn Park - Lakeland Park
020302,Brooklyn Center,Brooklyn Center - Other 8
026814,Brooklyn Park,Brooklyn Park - Norwood
000101,Minneapolis,Minneapolis - Shingle Creek
000102,Minneapolis,Minneapolis - Lind-Bohanon
026811,Brooklyn Park,Brooklyn Park - Brookdale Park
026815,Brooklyn Park,Brooklyn Park - River Park
026819,Brooklyn Park,Brooklyn Park - Village Creek
026810,Brooklyn Park,Brooklyn Park - Central 1
100200,Minneapolis,Minneapolis - Webber-Camden 2
020200,Brooklyn Center,Brooklyn Center - Other 1
020301,Brooklyn Center,Brooklyn Center - Other 3
020303,Brooklyn Center,Brooklyn Center - Other 5
020304,Brooklyn Center,Brooklyn Center - Other 6
020400,Brooklyn Center,Brooklyn Center - Other 2
020500,Brooklyn Center,Brooklyn Center - Other 4
020600,Brooklyn Center,Brooklyn Center - Other 7
020700,Crystal,Crystal - Skyway
021100,Robbinsdale,Robbinsdale - Other 4
021200,Robbinsdale,Robbinsdale - Other 1
026706,Maple Grove,Maple Grove - Other 10
026906,Champlin,Champlin - Other 2
026907,Champlin,Champlin - Other 1
026908,Champlin,Champlin - Other 4
026812,Brooklyn Park,Brooklyn Park - Other 1
026820,Brooklyn Park,Brooklyn Park - Eidem
026707,Maple Grove,Maple Grove - Other 5
026508,Plymouth,Plymouth - Other 5
026710,Maple Grove,Maple Grove - Other 1
026702,Osseo,Osseo
026713,Maple Grove,Maple Grove - Other 7
026807,Brooklyn Park,Brooklyn Park - Northland
021501,New Hope,New Hope - Other 4
020801,Crystal,Crystal - Other 1
026816,Brooklyn Park,Brooklyn Park - Candlewood
026818,Brooklyn Park,Brooklyn Park - Hartkopf
026823,Brooklyn Park,Brooklyn Park - Trinity Gardens
026822,Brooklyn Park,Brooklyn Park - Edinburgh
021001,Crystal,Crystal - Valley Place
021002,Crystal,Crystal - Bassett Creek
021400,Robbinsdale,Robbinsdale - Other 3
021505,New Hope,New Hope - Winnetka Hills
021602,Golden Valley,Golden Valley - Other 1
021700,Golden Valley,Golden Valley - Other 3
020902,Crystal,Crystal - Brownwood
020804,Crystal,Crystal - Becker
020903,Crystal,Crystal - Welcome Park
021502,New Hope,New Hope - Other 3
021503,New Hope,New Hope - Other 1
021504,New Hope,New Hope - Other 2
021300,Robbinsdale,Robbinsdale - Other 2
024100,Richfield,Richfield - Other 5
024005,Edina,Edina - Southdale
023100,Edina,Edina - Morningside
111200,Minneapolis,Minneapolis - Fulton 2
111300,Minneapolis,Minneapolis - Fulton 1
012001,Minneapolis,Minneapolis - Armatage
109800,Minneapolis,Minneapolis - Linden Hills
023600,Edina,Edina - Country Club
023801,Edina,Edina - Concord
023802,Edina,Edina - Chowen Park
022901,St. Louis Park,St. Louis Park - Wolfe Park
002700,Minneapolis,Minneapolis - Willard-Hay 3
022000,St. Louis Park,St. Louis Park - Blackstone
003200,Minneapolis,Minneapolis - Willard-Hay 4
102000,Minneapolis,Minneapolis - Willard-Hay 2
104100,Minneapolis,Minneapolis - Harrison
105100,Minneapolis,Minneapolis - Bryn Mawr
021800,Golden Valley,Golden Valley - Other 5
024901,Richfield,Richfield - Other 12
011704,Minneapolis,Minneapolis - Diamond Lake
024700,Richfield,Richfield - Other 2
024400,Richfield,Richfield - Other 6
012003,Minneapolis,Minneapolis - Windom
100700,Minneapolis,Minneapolis - Cleveland
101300,Minneapolis,Minneapolis - Jordan 3
000300,Minneapolis,Minneapolis - Victory
000603,Minneapolis,Minneapolis - Waite Park
102600,Minneapolis,Minneapolis - Mid-City Industrial 2
104000,Minneapolis,Minneapolis - Mid-City Industrial 1
020101,St. Anthony,St. Anthony - Other 2
020102,St. Anthony,St. Anthony - Other 1
101200,Minneapolis,Minneapolis - Audubon Park 1
106500,Minneapolis,Minneapolis - Cedar-Isles-Dean
109100,Minneapolis,Minneapolis - Other 1
022801,St. Louis Park,St. Louis Park - Fern Hill
022802,St. Louis Park,St. Louis Park - Triangle
110000,Minneapolis,Minneapolis - Bryant
105600,Minneapolis,Minneapolis - Loring Park 2
102500,Minneapolis,Minneapolis - Logan Park
108600,Minneapolis,Minneapolis - Corcoran 2
008100,Minneapolis,Minneapolis - South Uptown 1
125900,Minneapolis,Minneapolis - East Phillips
126000,Minneapolis,Minneapolis - Phillips West
010700,Minneapolis,Minneapolis - East Harriet 2
101900,Minneapolis,Minneapolis - Windom Park
109400,Minneapolis,Minneapolis - Central 4
001700,Minneapolis,Minneapolis - Bottineau
000601,Minneapolis,Minneapolis - Columbia Park
001100,Minneapolis,Minneapolis - Audubon Park 2
002200,Minneapolis,Minneapolis - Hawthorne 2
005902,Minneapolis,Minneapolis - Ventura Village 2
003300,Minneapolis,Minneapolis - Near North 2
005901,Minneapolis,Minneapolis - Elliot Park 2
006800,Minneapolis,Minneapolis - Whittier 2
011998,Minneapolis,Minneapolis - Minnehaha 1
007700,Minneapolis,Minneapolis - Lowry Hill East 2
008200,Minneapolis,Minneapolis - Lyndale 2
008300,Minneapolis,Minneapolis - Central 2
008400,Minneapolis,Minneapolis - Central 3
008500,Minneapolis,Minneapolis - Powderhorn Park 1
009600,Minneapolis,Minneapolis - Bancroft 2
010600,Minneapolis,Minneapolis - Fulton 3
011000,Minneapolis,Minneapolis - Northrop
011703,Minneapolis,Minneapolis - Hale
011800,Minneapolis,Minneapolis - Keewaydin
012102,Minneapolis,Minneapolis - Morris Park
100800,Minneapolis,Minneapolis - Folwell
109200,Minneapolis,Minneapolis - South Uptown 2
007801,Minneapolis,Minneapolis - Whittier 4
106000,Minneapolis,Minneapolis - Ventura Village 1
101600,Minneapolis,Minneapolis - Hawthorne 1
101800,Minneapolis,Minneapolis - Holland
110900,Minneapolis,Minneapolis - Regina
003800,Minneapolis,Minneapolis - Marcy Holmes 1
103900,Minneapolis,Minneapolis - Marcy Holmes 3
106700,Minneapolis,Minneapolis - Lowry Hill East 1
009500,Minneapolis,Minneapolis - Central 1
002400,Minneapolis,Minneapolis - Sheridan
106400,Minneapolis,Minneapolis - Seward 3
102900,Minneapolis,Minneapolis - Near North 3
111100,Minneapolis,Minneapolis - Ericsson
111400,Minneapolis,Minneapolis - Lynnhurst
111500,Minneapolis,Minneapolis - Tangletown
111600,Minneapolis,Minneapolis - Page
100400,Minneapolis,Minneapolis - Webber-Camden 1
100500,Minneapolis,Minneapolis - Marshall Terrace
100900,Minneapolis,Minneapolis - McKinley
102100,Minneapolis,Minneapolis - Jordan 2
102300,Minneapolis,Minneapolis - Near North 1
102800,Minneapolis,Minneapolis - Willard-Hay 1
103000,Minneapolis,Minneapolis - Saint Anthony West
103100,Minneapolis,Minneapolis - Saint Anthony East
103400,Minneapolis,Minneapolis - Sumner-Glenwood
103600,Minneapolis,Minneapolis - Nicollet Island-East Bank
103700,Minneapolis,Minneapolis - Marcy Holmes 2
104400,Minneapolis,Minneapolis - Downtown Minneapolis West 2
104800,Minneapolis,Minneapolis - Cedar Riverside
104900,Minneapolis,Minneapolis - University of Minnesota
105400,Minneapolis,Minneapolis - Elliot Park 1
105500,Minneapolis,Minneapolis - Kenwood Gables
105700,Minneapolis,Minneapolis - Steven's Square-Loring Heights
106200,Minneapolis,Minneapolis - Seward 2
106600,Minneapolis,Minneapolis - East Isles
106900,Minneapolis,Minneapolis - Whittier 1
107000,Minneapolis,Minneapolis - Whittier 3
107400,Minneapolis,Minneapolis - Longfellow 2
107500,Minneapolis,Minneapolis - Seward 1
107600,Minneapolis,Minneapolis - Cooper
012101,Minneapolis,Minneapolis - Wenonah
125800,Minneapolis,Minneapolis - Midtown Phillips
125700,Minneapolis,Minneapolis - Jordan 1
125600,Minneapolis,Minneapolis - Prospect Park-East River Road
126200,Minneapolis,Minneapolis - North Loop
126100,Minneapolis,Minneapolis - Downtown Minneapolis West 1
108700,Minneapolis,Minneapolis - Corcoran 1
108800,Minneapolis,Minneapolis - Longfellow 1
108900,Minneapolis,Minneapolis - Howe 2
109000,Minneapolis,Minneapolis - Howe 1
108000,Minneapolis,Minneapolis - ECCO
109300,Minneapolis,Minneapolis - Lyndale 1
109700,Minneapolis,Minneapolis - Powderhorn Park 2
109900,Minneapolis,Minneapolis - East Harriet 1
110100,Minneapolis,Minneapolis - Bancroft 1
110200,Minneapolis,Minneapolis - Standish
110400,Minneapolis,Minneapolis - Hiawatha 2
110500,Minneapolis,Minneapolis - Hiawatha 1
110800,Minneapolis,Minneapolis - King Field
105204,Minneapolis,Minneapolis - Loring Park 3
105201,Minneapolis,Minneapolis - Loring Park 1
026910,Dayton,Dayton
026903,Champlin,Champlin - Other 3
026909,Rogers,Rogers
026715,Maple Grove,Maple Grove - Other 2
027101,Medina,Medina
027102,Corcoran,Corcoran
026613,Plymouth,Plymouth - Other 1
026714,Maple Grove,Maple Grove - Other 3
026708,Maple Grove,Maple Grove - Other 4
026711,Maple Grove,Maple Grove - Other 9
026716,Maple Grove,Maple Grove - Other 6
026712,Maple Grove,Maple Grove - Other 8
026612,Plymouth,Plymouth - Other 3
027002,Independence,Independence
027001,Greenfield,Greenfield
027201,Orono,Orono
027700,Minnetrista,Minnetrista
026605,Plymouth,Plymouth - Other 11
026606,Plymouth,Plymouth - Other 7
027400,Deephaven-Woodland,Deephaven-Woodland
027300,Wayzata,Wayzata
027501,Greenwood-Tonka Bay,Greenwood-Tonka Bay
027203,Orono-Minnetonka Beach,Orono-Minnetonka Beach
027503,Shorewood,Shorewood - Other 1
027202,Long Lake,Long Lake
027601,Mound,Mound - Other 2
027602,Mound,Mound - Other 1
026507,Plymouth,Plymouth - Other 6
026512,Plymouth,Plymouth - Other 2
021601,Golden Valley,Golden Valley - Other 4
021900,Golden Valley,Golden Valley - Other 2
022200,St. Louis Park,St. Louis Park - Crestview
026403,Minnetonka,Minnetonka - Other 14
026609,Plymouth,Plymouth - Other 10
026610,Plymouth,Plymouth - Other 8
026301,Minnetonka,Minnetonka - Other 2
026510,Plymouth,Plymouth - Other 14
026511,Plymouth,Plymouth - Other 15
026514,Plymouth,Plymouth - Other 4
026509,Plymouth,Plymouth - Other 9
026505,Plymouth,Plymouth - Other 13
026611,Plymouth,Plymouth - Other 12
027504,Shorewood,Shorewood - Other 2
026302,Minnetonka,Minnetonka - Other 3
026201,Minnetonka,Minnetonka - Other 6
026007,Eden Prairie,Eden Prairie - Other 2
026104,Minnetonka,Minnetonka - Other 5
023502,Edina,Edina - Parkwood Knolls
023400,Hopkins,Hopkins - Presidents
026402,Minnetonka,Minnetonka - Other 9
026404,Minnetonka,Minnetonka - Other 1
026101,Minnetonka,Minnetonka - Other 10
026103,Minnetonka,Minnetonka - Other 7
022301,St. Louis Park,St. Louis Park - Minnehaha 1
023200,Hopkins,Hopkins - Other 1
023300,Hopkins,Hopkins - Other 2
026006,Eden Prairie,Eden Prairie - Other 12
026202,Minnetonka,Minnetonka - Other 11
026013,Eden Prairie,Eden Prairie - Other 10
026005,Eden Prairie,Eden Prairie - Other 9
026205,Minnetonka,Minnetonka - Other 13
026206,Minnetonka,Minnetonka - Other 12
026207,Minnetonka,Minnetonka - Other 8
026208,Minnetonka,Minnetonka - Other 4
026018,Eden Prairie,Eden Prairie - Other 1
026014,Eden Prairie,Eden Prairie - Other 8
026021,Eden Prairie,Eden Prairie - Other 6
026022,Eden Prairie,Eden Prairie - Other 3
023903,Edina,Edina - Prospect Knolls
024004,Edina,Edina - Centennial Lakes
024200,Richfield,Richfield - Other 7
024300,Richfield,Richfield - Other 4
022902,St. Louis Park,St. Louis Park - Browndale
024006,Edina,Edina - Other 1
023501,Edina,Edina - Rolling Green
023700,Edina,Edina - Countryside
023901,Edina,Edina - The Heights
025903,Bloomington,Bloomington - West Bloomington 1
025905,Bloomington,Bloomington - West Bloomington 3
023902,Edina,Edina - Braemar Hills
024003,Edina,Edina - Lake Edina
025603,Bloomington,Bloomington - West Bloomington 8
025605,Bloomington,Bloomington - West Bloomington 7
023000,St. Louis Park,St. Louis Park - Brooklawns
024903,Richfield,Richfield - Other 11
025201,Bloomington,Bloomington - East Bloomington 6
024500,Richfield,Richfield - Other 1
024600,Richfield,Richfield - Other 3
024801,Richfield,Richfield - Other 9
024802,Richfield,Richfield - Other 8
024902,Richfield,Richfield - Other 10
125500,Bloomington,Bloomington - East Bloomington 2
025401,Bloomington,Bloomington - East Bloomington 4
025601,Bloomington,Bloomington - West Bloomington 10
025906,Bloomington,Bloomington - West Bloomington 2
025802,Bloomington,Bloomington - West Bloomington 11
026016,Eden Prairie,Eden Prairie - Other 5
025100,Bloomington,Bloomington - Other 1
025205,Bloomington,Bloomington - East Bloomington 3
025801,Bloomington,Bloomington - West Bloomington 9
025803,Bloomington,Bloomington - West Bloomington 12
026020,Eden Prairie,Eden Prairie - Other 7
025805,Bloomington,Bloomington - Other 2
025907,Bloomington,Bloomington - West Bloomington 4
025403,Bloomington,Bloomington - East Bloomington 7
025301,Bloomington,Bloomington - East Bloomington 1
025302,Bloomington,Bloomington - East Bloomington 5
025701,Bloomington,Bloomington - West Bloomington 6
025702,Bloomington,Bloomington - West Bloomington 5
026015,Eden Prairie,Eden Prairie - Other 4
026019,Eden Prairie,Eden Prairie - Other 11
022101,St. Louis Park,St. Louis Park - Eliot
022102,St. Louis Park,St. Louis Park - Willow Park
022302,St. Louis Park,St. Louis Park - Aquila
122500,St. Louis Park,St. Louis Park - Oak Hill
022400,St. Louis Park,St. Louis Park - Bronx Park
122600,St. Louis Park,St. Louis Park - Lenox
022700,St. Louis Park,St. Louis Park - Birchwood
